/*
 Navicat Premium Dump SQL

 Source Server         : root
 Source Server Type    : MySQL
 Source Server Version : 80404 (8.4.4)
 Source Host           : localhost:3306
 Source Schema         : employee_face_recognition_and_behavior_detection

 Target Server Type    : MySQL
 Target Server Version : 80404 (8.4.4)
 File Encoding         : 65001

 Date: 05/06/2025 08:43:49
*/

SET NAMES utf8mb4;
SET FOREIGN_KEY_CHECKS = 0;

-- ----------------------------
-- Table structure for attendances
-- ----------------------------
DROP TABLE IF EXISTS `attendances`;
CREATE TABLE `attendances`  (
  `id` int NOT NULL AUTO_INCREMENT,
  `employee_id` int NOT NULL,
  `sign_time` datetime NOT NULL,
  `latitude` float NULL DEFAULT NULL,
  `longitude` float NULL DEFAULT NULL,
  `check_type` enum('SELF','ADMIN') CHARACTER SET utf8mb4 COLLATE utf8mb4_0900_ai_ci NOT NULL,
  PRIMARY KEY (`id`) USING BTREE,
  INDEX `employee_id`(`employee_id` ASC) USING BTREE,
  CONSTRAINT `attendances_ibfk_1` FOREIGN KEY (`employee_id`) REFERENCES `employees` (`id`) ON DELETE RESTRICT ON UPDATE RESTRICT
) ENGINE = InnoDB AUTO_INCREMENT = 7 CHARACTER SET = utf8mb4 COLLATE = utf8mb4_0900_ai_ci ROW_FORMAT = Dynamic;

-- ----------------------------
-- Records of attendances
-- ----------------------------
INSERT INTO `attendances` VALUES (1, 1, '2025-05-23 15:02:30', NULL, NULL, 'SELF');
INSERT INTO `attendances` VALUES (2, 1, '2025-05-23 15:02:39', NULL, NULL, 'SELF');
INSERT INTO `attendances` VALUES (3, 1, '2025-05-23 15:02:42', NULL, NULL, 'SELF');
INSERT INTO `attendances` VALUES (4, 1, '2025-06-02 17:23:30', 39.915, 116.404, 'SELF');
INSERT INTO `attendances` VALUES (5, 5, '2025-06-02 17:34:47', 39.9084, 116.404, 'SELF');
INSERT INTO `attendances` VALUES (6, 1, '2025-06-18 00:00:00', NULL, NULL, 'ADMIN');

-- ----------------------------
-- Table structure for behaviors
-- ----------------------------
DROP TABLE IF EXISTS `behaviors`;
CREATE TABLE `behaviors`  (
  `id` int NOT NULL AUTO_INCREMENT,
  `employee_id` int NOT NULL,
  `behavior` enum('NORMAL','EATING','DRINKING','SLEEP','PHONE','NOTWORKING') CHARACTER SET utf8mb4 COLLATE utf8mb4_0900_ai_ci NOT NULL,
  `timestamp` datetime NOT NULL,
  PRIMARY KEY (`id`) USING BTREE,
  INDEX `employee_id`(`employee_id` ASC) USING BTREE,
  CONSTRAINT `behaviors_ibfk_1` FOREIGN KEY (`employee_id`) REFERENCES `employees` (`id`) ON DELETE RESTRICT ON UPDATE RESTRICT
) ENGINE = InnoDB AUTO_INCREMENT = 684 CHARACTER SET = utf8mb4 COLLATE = utf8mb4_0900_ai_ci ROW_FORMAT = Dynamic;

-- ----------------------------
-- Records of behaviors
-- ----------------------------
INSERT INTO `behaviors` VALUES (402, 3, 'EATING', '2025-05-17 19:04:38');
INSERT INTO `behaviors` VALUES (403, 1, 'EATING', '2025-05-18 12:17:38');
INSERT INTO `behaviors` VALUES (404, 1, 'NOTWORKING', '2025-05-20 01:03:38');
INSERT INTO `behaviors` VALUES (405, 2, 'SLEEP', '2025-05-17 09:29:38');
INSERT INTO `behaviors` VALUES (406, 4, 'PHONE', '2025-05-22 06:08:38');
INSERT INTO `behaviors` VALUES (408, 4, 'SLEEP', '2025-05-16 11:31:38');
INSERT INTO `behaviors` VALUES (410, 4, 'PHONE', '2025-05-20 10:15:38');
INSERT INTO `behaviors` VALUES (411, 5, 'DRINKING', '2025-05-19 18:08:38');
INSERT INTO `behaviors` VALUES (412, 1, 'SLEEP', '2025-05-20 00:48:38');
INSERT INTO `behaviors` VALUES (414, 2, 'DRINKING', '2025-05-19 07:18:38');
INSERT INTO `behaviors` VALUES (415, 4, 'NORMAL', '2025-05-22 08:49:38');
INSERT INTO `behaviors` VALUES (416, 1, 'EATING', '2025-05-20 14:40:38');
INSERT INTO `behaviors` VALUES (417, 2, 'PHONE', '2025-05-20 21:09:38');
INSERT INTO `behaviors` VALUES (418, 2, 'SLEEP', '2025-05-22 18:17:38');
INSERT INTO `behaviors` VALUES (419, 4, 'NOTWORKING', '2025-05-17 05:37:38');
INSERT INTO `behaviors` VALUES (420, 5, 'NOTWORKING', '2025-05-19 03:00:38');
INSERT INTO `behaviors` VALUES (421, 4, 'EATING', '2025-05-17 20:19:38');
INSERT INTO `behaviors` VALUES (422, 3, 'SLEEP', '2025-05-19 01:52:38');
INSERT INTO `behaviors` VALUES (423, 4, 'NORMAL', '2025-05-18 23:54:38');
INSERT INTO `behaviors` VALUES (424, 1, 'EATING', '2025-05-20 12:20:38');
INSERT INTO `behaviors` VALUES (425, 5, 'SLEEP', '2025-05-20 04:19:38');
INSERT INTO `behaviors` VALUES (426, 5, 'DRINKING', '2025-05-22 18:36:38');
INSERT INTO `behaviors` VALUES (427, 1, 'NORMAL', '2025-05-18 13:04:38');
INSERT INTO `behaviors` VALUES (428, 1, 'DRINKING', '2025-05-21 20:54:38');
INSERT INTO `behaviors` VALUES (429, 1, 'NOTWORKING', '2025-05-19 09:57:38');
INSERT INTO `behaviors` VALUES (431, 1, 'PHONE', '2025-05-22 09:53:38');
INSERT INTO `behaviors` VALUES (432, 5, 'NORMAL', '2025-05-17 12:30:38');
INSERT INTO `behaviors` VALUES (433, 4, 'SLEEP', '2025-05-22 22:30:38');
INSERT INTO `behaviors` VALUES (435, 2, 'DRINKING', '2025-05-19 21:34:38');
INSERT INTO `behaviors` VALUES (436, 1, 'SLEEP', '2025-05-20 10:04:38');
INSERT INTO `behaviors` VALUES (437, 5, 'PHONE', '2025-05-22 10:14:38');
INSERT INTO `behaviors` VALUES (438, 1, 'PHONE', '2025-05-20 06:36:38');
INSERT INTO `behaviors` VALUES (439, 4, 'NORMAL', '2025-05-17 17:33:38');
INSERT INTO `behaviors` VALUES (440, 3, 'NORMAL', '2025-05-19 20:49:38');
INSERT INTO `behaviors` VALUES (442, 4, 'SLEEP', '2025-05-17 23:31:38');
INSERT INTO `behaviors` VALUES (445, 3, 'PHONE', '2025-05-19 12:11:38');
INSERT INTO `behaviors` VALUES (446, 1, 'EATING', '2025-05-21 03:41:38');
INSERT INTO `behaviors` VALUES (447, 4, 'NOTWORKING', '2025-05-20 13:17:38');
INSERT INTO `behaviors` VALUES (449, 2, 'PHONE', '2025-05-21 12:39:38');
INSERT INTO `behaviors` VALUES (451, 1, 'EATING', '2025-05-22 17:08:38');
INSERT INTO `behaviors` VALUES (452, 3, 'PHONE', '2025-05-19 21:19:38');
INSERT INTO `behaviors` VALUES (453, 4, 'NOTWORKING', '2025-05-18 19:52:38');
INSERT INTO `behaviors` VALUES (455, 5, 'SLEEP', '2025-05-21 21:02:38');
INSERT INTO `behaviors` VALUES (456, 3, 'NORMAL', '2025-05-19 15:12:38');
INSERT INTO `behaviors` VALUES (457, 2, 'PHONE', '2025-05-20 10:16:38');
INSERT INTO `behaviors` VALUES (458, 2, 'NORMAL', '2025-05-21 01:13:38');
INSERT INTO `behaviors` VALUES (459, 5, 'DRINKING', '2025-05-17 08:30:38');
INSERT INTO `behaviors` VALUES (461, 1, 'DRINKING', '2025-05-18 23:16:38');
INSERT INTO `behaviors` VALUES (462, 1, 'NOTWORKING', '2025-05-19 03:40:38');
INSERT INTO `behaviors` VALUES (463, 4, 'NORMAL', '2025-05-22 00:40:38');
INSERT INTO `behaviors` VALUES (465, 4, 'DRINKING', '2025-05-20 00:16:38');
INSERT INTO `behaviors` VALUES (466, 4, 'NOTWORKING', '2025-05-22 17:50:38');
INSERT INTO `behaviors` VALUES (467, 3, 'DRINKING', '2025-05-22 00:05:38');
INSERT INTO `behaviors` VALUES (468, 2, 'EATING', '2025-05-21 19:58:38');
INSERT INTO `behaviors` VALUES (471, 1, 'PHONE', '2025-05-17 11:21:38');
INSERT INTO `behaviors` VALUES (472, 2, 'NORMAL', '2025-05-17 18:42:38');
INSERT INTO `behaviors` VALUES (473, 2, 'SLEEP', '2025-05-21 07:53:38');
INSERT INTO `behaviors` VALUES (474, 1, 'PHONE', '2025-05-16 17:44:38');
INSERT INTO `behaviors` VALUES (475, 5, 'PHONE', '2025-05-20 03:22:38');
INSERT INTO `behaviors` VALUES (476, 3, 'NORMAL', '2025-05-23 01:01:38');
INSERT INTO `behaviors` VALUES (477, 5, 'EATING', '2025-05-20 11:28:38');
INSERT INTO `behaviors` VALUES (478, 1, 'SLEEP', '2025-05-16 11:01:38');
INSERT INTO `behaviors` VALUES (479, 1, 'SLEEP', '2025-05-17 10:29:38');
INSERT INTO `behaviors` VALUES (480, 1, 'EATING', '2025-05-17 16:52:38');
INSERT INTO `behaviors` VALUES (482, 4, 'NORMAL', '2025-05-20 05:34:38');
INSERT INTO `behaviors` VALUES (483, 3, 'NOTWORKING', '2025-05-22 20:32:38');
INSERT INTO `behaviors` VALUES (484, 3, 'DRINKING', '2025-05-16 11:59:38');
INSERT INTO `behaviors` VALUES (486, 4, 'NORMAL', '2025-05-22 20:45:38');
INSERT INTO `behaviors` VALUES (488, 3, 'EATING', '2025-05-17 01:58:38');
INSERT INTO `behaviors` VALUES (489, 1, 'NOTWORKING', '2025-05-16 12:42:38');
INSERT INTO `behaviors` VALUES (490, 5, 'SLEEP', '2025-05-22 21:27:38');
INSERT INTO `behaviors` VALUES (492, 5, 'DRINKING', '2025-05-16 10:45:38');
INSERT INTO `behaviors` VALUES (494, 1, 'NOTWORKING', '2025-05-16 14:04:38');
INSERT INTO `behaviors` VALUES (495, 4, 'EATING', '2025-05-21 21:59:38');
INSERT INTO `behaviors` VALUES (496, 5, 'DRINKING', '2025-05-22 12:27:38');
INSERT INTO `behaviors` VALUES (498, 5, 'NORMAL', '2025-05-19 00:04:38');
INSERT INTO `behaviors` VALUES (500, 4, 'SLEEP', '2025-05-18 02:59:38');
INSERT INTO `behaviors` VALUES (501, 1, 'EATING', '2025-05-17 10:33:38');
INSERT INTO `behaviors` VALUES (502, 4, 'NORMAL', '2025-05-17 01:59:38');
INSERT INTO `behaviors` VALUES (503, 5, 'NOTWORKING', '2025-05-22 17:26:38');
INSERT INTO `behaviors` VALUES (504, 5, 'DRINKING', '2025-05-22 22:58:38');
INSERT INTO `behaviors` VALUES (505, 2, 'NORMAL', '2025-05-22 11:06:38');
INSERT INTO `behaviors` VALUES (506, 2, 'EATING', '2025-05-18 18:47:38');
INSERT INTO `behaviors` VALUES (507, 3, 'SLEEP', '2025-05-17 04:45:38');
INSERT INTO `behaviors` VALUES (508, 5, 'EATING', '2025-05-18 18:16:38');
INSERT INTO `behaviors` VALUES (510, 4, 'PHONE', '2025-05-16 09:21:38');
INSERT INTO `behaviors` VALUES (511, 3, 'DRINKING', '2025-05-19 17:11:38');
INSERT INTO `behaviors` VALUES (512, 1, 'PHONE', '2025-05-23 01:20:38');
INSERT INTO `behaviors` VALUES (513, 1, 'EATING', '2025-05-20 09:06:38');
INSERT INTO `behaviors` VALUES (514, 2, 'EATING', '2025-05-19 11:16:38');
INSERT INTO `behaviors` VALUES (515, 2, 'DRINKING', '2025-05-18 10:22:38');
INSERT INTO `behaviors` VALUES (516, 5, 'NOTWORKING', '2025-05-21 00:35:38');
INSERT INTO `behaviors` VALUES (517, 4, 'DRINKING', '2025-05-22 15:32:38');
INSERT INTO `behaviors` VALUES (519, 2, 'EATING', '2025-05-18 02:00:38');
INSERT INTO `behaviors` VALUES (520, 3, 'NOTWORKING', '2025-05-16 19:00:38');
INSERT INTO `behaviors` VALUES (521, 4, 'PHONE', '2025-05-19 14:07:38');
INSERT INTO `behaviors` VALUES (522, 1, 'DRINKING', '2025-05-17 23:30:38');
INSERT INTO `behaviors` VALUES (523, 4, 'NOTWORKING', '2025-05-18 12:55:38');
INSERT INTO `behaviors` VALUES (524, 2, 'SLEEP', '2025-05-18 18:27:38');
INSERT INTO `behaviors` VALUES (525, 1, 'SLEEP', '2025-05-17 11:16:38');
INSERT INTO `behaviors` VALUES (526, 3, 'PHONE', '2025-05-20 22:16:38');
INSERT INTO `behaviors` VALUES (527, 2, 'EATING', '2025-05-20 10:52:38');
INSERT INTO `behaviors` VALUES (528, 4, 'NOTWORKING', '2025-05-18 11:26:38');
INSERT INTO `behaviors` VALUES (529, 5, 'DRINKING', '2025-05-20 00:25:38');
INSERT INTO `behaviors` VALUES (530, 3, 'DRINKING', '2025-05-22 04:13:38');
INSERT INTO `behaviors` VALUES (531, 3, 'NOTWORKING', '2025-05-18 00:07:38');
INSERT INTO `behaviors` VALUES (532, 2, 'EATING', '2025-05-23 01:10:38');
INSERT INTO `behaviors` VALUES (533, 5, 'NORMAL', '2025-05-22 06:06:38');
INSERT INTO `behaviors` VALUES (534, 3, 'SLEEP', '2025-05-17 21:44:38');
INSERT INTO `behaviors` VALUES (535, 4, 'NORMAL', '2025-05-22 11:00:38');
INSERT INTO `behaviors` VALUES (536, 3, 'EATING', '2025-05-22 07:36:38');
INSERT INTO `behaviors` VALUES (537, 1, 'PHONE', '2025-05-21 03:39:38');
INSERT INTO `behaviors` VALUES (538, 5, 'EATING', '2025-05-20 17:04:38');
INSERT INTO `behaviors` VALUES (539, 5, 'NORMAL', '2025-05-21 03:53:38');
INSERT INTO `behaviors` VALUES (540, 2, 'PHONE', '2025-05-17 12:19:38');
INSERT INTO `behaviors` VALUES (541, 4, 'NOTWORKING', '2025-05-17 04:28:38');
INSERT INTO `behaviors` VALUES (542, 5, 'PHONE', '2025-05-19 04:19:38');
INSERT INTO `behaviors` VALUES (543, 4, 'SLEEP', '2025-05-22 17:27:38');
INSERT INTO `behaviors` VALUES (544, 3, 'SLEEP', '2025-05-16 18:20:38');
INSERT INTO `behaviors` VALUES (545, 2, 'EATING', '2025-05-19 10:24:38');
INSERT INTO `behaviors` VALUES (546, 4, 'PHONE', '2025-05-23 00:55:38');
INSERT INTO `behaviors` VALUES (547, 4, 'PHONE', '2025-05-18 10:14:38');
INSERT INTO `behaviors` VALUES (548, 3, 'EATING', '2025-05-17 23:41:38');
INSERT INTO `behaviors` VALUES (549, 2, 'PHONE', '2025-05-17 22:39:38');
INSERT INTO `behaviors` VALUES (550, 1, 'SLEEP', '2025-05-19 00:33:38');
INSERT INTO `behaviors` VALUES (552, 4, 'PHONE', '2025-05-21 20:10:38');
INSERT INTO `behaviors` VALUES (553, 4, 'NORMAL', '2025-05-20 16:10:38');
INSERT INTO `behaviors` VALUES (554, 3, 'NOTWORKING', '2025-05-18 06:00:38');
INSERT INTO `behaviors` VALUES (555, 5, 'EATING', '2025-05-18 20:40:38');
INSERT INTO `behaviors` VALUES (556, 1, 'DRINKING', '2025-05-16 09:14:38');
INSERT INTO `behaviors` VALUES (558, 3, 'EATING', '2025-05-16 12:58:38');
INSERT INTO `behaviors` VALUES (559, 5, 'DRINKING', '2025-05-20 21:14:38');
INSERT INTO `behaviors` VALUES (560, 2, 'NORMAL', '2025-05-20 01:19:38');
INSERT INTO `behaviors` VALUES (561, 5, 'EATING', '2025-05-18 08:50:38');
INSERT INTO `behaviors` VALUES (563, 2, 'PHONE', '2025-05-16 18:52:38');
INSERT INTO `behaviors` VALUES (564, 3, 'PHONE', '2025-05-17 04:11:38');
INSERT INTO `behaviors` VALUES (565, 4, 'EATING', '2025-05-21 01:25:38');
INSERT INTO `behaviors` VALUES (566, 1, 'DRINKING', '2025-05-18 02:02:38');
INSERT INTO `behaviors` VALUES (567, 1, 'EATING', '2025-05-19 05:33:38');
INSERT INTO `behaviors` VALUES (569, 2, 'SLEEP', '2025-05-18 22:43:38');
INSERT INTO `behaviors` VALUES (570, 3, 'DRINKING', '2025-05-22 06:06:38');
INSERT INTO `behaviors` VALUES (571, 1, 'EATING', '2025-05-19 16:41:38');
INSERT INTO `behaviors` VALUES (572, 2, 'DRINKING', '2025-05-18 03:26:38');
INSERT INTO `behaviors` VALUES (573, 1, 'DRINKING', '2025-05-18 15:46:38');
INSERT INTO `behaviors` VALUES (574, 5, 'DRINKING', '2025-05-21 17:45:38');
INSERT INTO `behaviors` VALUES (575, 2, 'SLEEP', '2025-05-17 18:17:38');
INSERT INTO `behaviors` VALUES (576, 1, 'NORMAL', '2025-05-18 23:30:38');
INSERT INTO `behaviors` VALUES (577, 4, 'EATING', '2025-05-21 14:12:38');
INSERT INTO `behaviors` VALUES (578, 5, 'PHONE', '2025-05-20 05:47:38');
INSERT INTO `behaviors` VALUES (579, 3, 'NORMAL', '2025-05-17 14:38:38');
INSERT INTO `behaviors` VALUES (580, 2, 'EATING', '2025-05-17 02:47:38');
INSERT INTO `behaviors` VALUES (581, 2, 'SLEEP', '2025-05-17 11:23:38');
INSERT INTO `behaviors` VALUES (582, 1, 'SLEEP', '2025-05-21 18:03:38');
INSERT INTO `behaviors` VALUES (583, 2, 'SLEEP', '2025-05-17 20:47:38');
INSERT INTO `behaviors` VALUES (585, 5, 'NOTWORKING', '2025-05-22 12:02:38');
INSERT INTO `behaviors` VALUES (586, 2, 'PHONE', '2025-05-19 04:51:38');
INSERT INTO `behaviors` VALUES (587, 5, 'PHONE', '2025-05-19 11:29:38');
INSERT INTO `behaviors` VALUES (588, 3, 'EATING', '2025-05-22 07:37:38');
INSERT INTO `behaviors` VALUES (590, 3, 'PHONE', '2025-05-19 04:39:38');
INSERT INTO `behaviors` VALUES (591, 1, 'DRINKING', '2025-05-18 16:01:38');
INSERT INTO `behaviors` VALUES (592, 2, 'DRINKING', '2025-05-23 03:15:38');
INSERT INTO `behaviors` VALUES (593, 1, 'PHONE', '2025-05-17 06:43:38');
INSERT INTO `behaviors` VALUES (595, 5, 'PHONE', '2025-05-18 18:22:38');
INSERT INTO `behaviors` VALUES (596, 5, 'NORMAL', '2025-05-16 07:18:38');
INSERT INTO `behaviors` VALUES (597, 5, 'EATING', '2025-05-16 09:01:38');
INSERT INTO `behaviors` VALUES (598, 2, 'NORMAL', '2025-05-23 04:15:38');
INSERT INTO `behaviors` VALUES (599, 5, 'NOTWORKING', '2025-05-21 07:14:38');
INSERT INTO `behaviors` VALUES (601, 2, 'SLEEP', '2025-05-16 18:29:38');
INSERT INTO `behaviors` VALUES (602, 2, 'NORMAL', '2025-06-02 05:54:14');
INSERT INTO `behaviors` VALUES (603, 2, 'PHONE', '2025-06-02 01:42:14');
INSERT INTO `behaviors` VALUES (604, 2, 'DRINKING', '2025-05-31 16:14:15');
INSERT INTO `behaviors` VALUES (605, 2, 'NOTWORKING', '2025-05-31 16:48:17');
INSERT INTO `behaviors` VALUES (606, 2, 'EATING', '2025-06-01 12:13:18');
INSERT INTO `behaviors` VALUES (607, 2, 'NORMAL', '2025-06-02 22:28:19');
INSERT INTO `behaviors` VALUES (608, 2, 'PHONE', '2025-05-31 13:59:20');
INSERT INTO `behaviors` VALUES (609, 2, 'NORMAL', '2025-05-27 14:54:21');
INSERT INTO `behaviors` VALUES (610, 2, 'EATING', '2025-05-29 07:28:22');
INSERT INTO `behaviors` VALUES (611, 2, 'NORMAL', '2025-05-29 07:19:22');
INSERT INTO `behaviors` VALUES (612, 2, 'DRINKING', '2025-05-27 10:01:22');
INSERT INTO `behaviors` VALUES (613, 2, 'NOTWORKING', '2025-05-29 19:42:23');
INSERT INTO `behaviors` VALUES (614, 2, 'EATING', '2025-06-03 09:35:18');
INSERT INTO `behaviors` VALUES (615, 2, 'PHONE', '2025-06-03 09:35:19');
INSERT INTO `behaviors` VALUES (616, 2, 'DRINKING', '2025-06-03 09:35:19');
INSERT INTO `behaviors` VALUES (617, 2, 'SLEEP', '2025-06-03 09:35:19');
INSERT INTO `behaviors` VALUES (618, 2, 'PHONE', '2025-06-03 09:35:20');
INSERT INTO `behaviors` VALUES (619, 2, 'PHONE', '2025-06-03 09:35:21');
INSERT INTO `behaviors` VALUES (620, 2, 'PHONE', '2025-06-03 17:36:27');
INSERT INTO `behaviors` VALUES (621, 2, 'DRINKING', '2025-06-03 17:36:28');
INSERT INTO `behaviors` VALUES (622, 2, 'SLEEP', '2025-06-03 17:36:29');
INSERT INTO `behaviors` VALUES (623, 2, 'PHONE', '2025-06-03 17:36:29');
INSERT INTO `behaviors` VALUES (624, 2, 'SLEEP', '2025-06-03 17:36:30');
INSERT INTO `behaviors` VALUES (625, 2, 'DRINKING', '2025-06-03 17:36:31');
INSERT INTO `behaviors` VALUES (626, 2, 'PHONE', '2025-06-03 17:36:33');
INSERT INTO `behaviors` VALUES (627, 2, 'PHONE', '2025-06-03 17:36:33');
INSERT INTO `behaviors` VALUES (628, 2, 'NORMAL', '2025-06-03 17:36:33');
INSERT INTO `behaviors` VALUES (629, 2, 'NORMAL', '2025-06-03 17:36:33');
INSERT INTO `behaviors` VALUES (630, 2, 'NOTWORKING', '2025-06-03 17:36:33');
INSERT INTO `behaviors` VALUES (631, 2, 'EATING', '2025-06-03 17:38:40');
INSERT INTO `behaviors` VALUES (633, 5, 'NOTWORKING', '2025-06-03 17:38:40');
INSERT INTO `behaviors` VALUES (635, 4, 'EATING', '2025-06-03 17:38:44');
INSERT INTO `behaviors` VALUES (636, 4, 'EATING', '2025-06-03 17:38:45');
INSERT INTO `behaviors` VALUES (637, 1, 'EATING', '2025-06-03 17:38:45');
INSERT INTO `behaviors` VALUES (638, 3, 'DRINKING', '2025-06-03 17:38:45');
INSERT INTO `behaviors` VALUES (639, 2, 'SLEEP', '2025-06-03 17:38:46');
INSERT INTO `behaviors` VALUES (640, 5, 'SLEEP', '2025-06-03 17:38:46');
INSERT INTO `behaviors` VALUES (641, 2, 'EATING', '2025-06-03 17:38:46');
INSERT INTO `behaviors` VALUES (642, 5, 'NOTWORKING', '2025-06-03 17:38:46');
INSERT INTO `behaviors` VALUES (643, 5, 'PHONE', '2025-06-03 17:38:46');
INSERT INTO `behaviors` VALUES (645, 4, 'EATING', '2025-06-03 17:38:55');
INSERT INTO `behaviors` VALUES (646, 5, 'PHONE', '2025-06-03 17:38:56');
INSERT INTO `behaviors` VALUES (647, 2, 'NORMAL', '2025-06-03 17:38:56');
INSERT INTO `behaviors` VALUES (648, 5, 'SLEEP', '2025-06-03 17:38:56');
INSERT INTO `behaviors` VALUES (649, 2, 'EATING', '2025-06-03 17:38:56');
INSERT INTO `behaviors` VALUES (650, 2, 'NOTWORKING', '2025-06-03 17:38:56');
INSERT INTO `behaviors` VALUES (651, 2, 'EATING', '2025-06-03 17:38:56');
INSERT INTO `behaviors` VALUES (653, 2, 'NORMAL', '2025-06-03 17:38:56');
INSERT INTO `behaviors` VALUES (654, 1, 'DRINKING', '2025-06-03 17:39:00');
INSERT INTO `behaviors` VALUES (656, 2, 'DRINKING', '2025-06-03 17:39:00');
INSERT INTO `behaviors` VALUES (657, 3, 'NORMAL', '2025-06-03 17:39:00');
INSERT INTO `behaviors` VALUES (658, 1, 'NOTWORKING', '2025-06-03 17:39:00');
INSERT INTO `behaviors` VALUES (660, 1, 'DRINKING', '2025-06-03 17:39:00');
INSERT INTO `behaviors` VALUES (661, 5, 'DRINKING', '2025-06-03 17:39:01');
INSERT INTO `behaviors` VALUES (662, 2, 'NOTWORKING', '2025-06-03 17:39:03');
INSERT INTO `behaviors` VALUES (663, 3, 'EATING', '2025-06-03 17:39:04');
INSERT INTO `behaviors` VALUES (665, 5, 'EATING', '2025-06-03 17:39:05');
INSERT INTO `behaviors` VALUES (666, 5, 'PHONE', '2025-06-03 17:39:05');
INSERT INTO `behaviors` VALUES (667, 3, 'PHONE', '2025-06-03 17:39:05');
INSERT INTO `behaviors` VALUES (669, 2, 'DRINKING', '2025-06-03 17:39:05');
INSERT INTO `behaviors` VALUES (670, 1, 'EATING', '2025-06-03 17:39:05');
INSERT INTO `behaviors` VALUES (671, 2, 'EATING', '2025-06-03 17:39:05');
INSERT INTO `behaviors` VALUES (674, 2, 'SLEEP', '2025-06-04 00:38:29');
INSERT INTO `behaviors` VALUES (676, 1, 'NORMAL', '2025-06-04 00:38:39');
INSERT INTO `behaviors` VALUES (677, 3, 'PHONE', '2025-06-04 00:38:40');
INSERT INTO `behaviors` VALUES (679, 4, 'NOTWORKING', '2025-06-04 00:38:44');
INSERT INTO `behaviors` VALUES (680, 1, 'SLEEP', '2025-06-04 00:38:45');
INSERT INTO `behaviors` VALUES (681, 5, 'NOTWORKING', '2025-06-04 00:38:48');
INSERT INTO `behaviors` VALUES (682, 5, 'NORMAL', '2025-06-04 01:12:41');
INSERT INTO `behaviors` VALUES (683, 2, 'NORMAL', '2025-06-04 01:12:41');

-- ----------------------------
-- Table structure for employees
-- ----------------------------
DROP TABLE IF EXISTS `employees`;
CREATE TABLE `employees`  (
  `id` int NOT NULL AUTO_INCREMENT,
  `name` varchar(128) CHARACTER SET utf8mb4 COLLATE utf8mb4_0900_ai_ci NOT NULL,
  `face_encoding` blob NOT NULL,
  `user_id` int NOT NULL,
  PRIMARY KEY (`id`) USING BTREE,
  INDEX `user_id`(`user_id` ASC) USING BTREE,
  CONSTRAINT `employees_ibfk_1` FOREIGN KEY (`user_id`) REFERENCES `users` (`id`) ON DELETE RESTRICT ON UPDATE RESTRICT
) ENGINE = InnoDB AUTO_INCREMENT = 7 CHARACTER SET = utf8mb4 COLLATE = utf8mb4_0900_ai_ci ROW_FORMAT = Dynamic;

-- ----------------------------
-- Records of employees
-- ----------------------------
INSERT INTO `employees` VALUES (1, 'user01', 0x000000403C2FC0BF00000040853981BF000000004F2AAA3F0000000000FAB1BF000000C08773B8BF00000080D375A9BF00000040942AB9BF000000C0BCACBABF00000060149EC13F000000801B41C7BF000000603778C03F000000C0A763C5BF000000C0B62CC5BF00000080A5069E3F00000060F8E7BABF00000080E1D2C93F00000000CB78C4BF0000002043C0C7BF00000000FA939DBF00000040B69C973F0000008072AEB53F0000000048768CBF000000800524A4BF00000040AD26BB3F000000405BDDB2BF0000008085BCD4BF00000000B628C1BF00000060E02DB0BF00000000BCB3763F000000408383B6BF00000060C4F9B2BF000000C044129B3F00000080E6E3CABF000000C0A079A5BF000000000002873F000000C03590C23F000000406B5FB03F000000003F44C2BF000000C0555BC73F000000C0C4D7993F000000205403D2BF000000201A63B33F0000000027BDB43F000000E0729FCB3F00000080B419C03F000000C078C9A23F00000060967DABBF000000C0FFB2C0BF000000008545C43F00000000CE9AC2BF000000006740AC3F0000006057D0BC3F000000604F35C03F000000809E21B13F000000603C66A33F000000A0F585BEBF00000060BC96B83F000000405527C13F000000605340C6BF00000000B8E564BF00000080165AAD3F000000007F4997BF00000000BC64B43F000000A0A8A0BABF0000004022A4C73F000000E09677C13F00000000001A6FBF000000602A42CDBF000000A0297CC83F00000080F9E9C3BF00000080D753AEBF000000202AE3B93F00000040A2F2BCBF000000C04123BEBF000000E07E0CCBBF0000008061E3A4BF000000A09E19D63F0000008080B2BD3F000000007666C7BF000000008CCCB13F00000000DE3D89BF000000C0C46FB8BF000000C07177B73F000000C024D3C23F00000020B8F8A43F000000802BACA63F00000000802CABBF00000000DCBB99BF0000000003C1D13F000000007068573F00000000E514903F000000405B82C43F000000407E968A3F00000080542E83BF000000C06C45AB3F00000000905BA1BF000000808FF4BDBF000000805711A83F000000E04D69C1BF0000000030A2AEBF0000006028A3A5BF000000008B0C973F00000020995BABBF000000A04357BC3F000000400E85C8BF000000A03005BC3F0000008075DCA2BF000000A0EFF4AFBF00000080FD75A6BF000000A0918FA93F000000401B97A0BF00000000BDFE93BF00000040B72DC03F000000809047CBBF000000C05A89C23F000000007111C03F000000C0DC46B03F000000C0265BB43F0000008068B99B3F000000801A10BB3F0000000018CF6E3F0000000054527ABF000000A0C4DECEBF000000808CC5A7BF00000000C6CFBA3F00000020385DA8BF000000A02009B23F000000C04E42A23F, 1);
INSERT INTO `employees` VALUES (2, 'user02', 0x00000000F208C1BF00000080382AC53F000000805142B23F00000000C82260BF00000000E9F0B7BF00000080394AA63F000000801E6AA0BF000000A00D1AC3BF000000A0CDC6BA3F000000409499B2BF000000007386C63F00000080B54FA1BF000000405AC6C6BF00000040DC4ABDBF00000000A8BD6F3F000000400E76C43F00000000FE07CBBF00000080C546CCBF00000020AF8EB0BF000000A0A738A0BF00000000CBAF833F000000003D85B03F00000000B6CC853F000000404880B53F000000C0F34BC4BF0000002036DAD3BF00000040F0D5A3BF000000C0FFEABCBF000000809CEBB13F000000003DD3A2BF00000000F8A7B7BF000000C07A9AA23F000000801108CDBF000000E03C6FB2BF000000009EDBA63F000000204EFCB83F000000C039AFB53F00000000C936A8BF00000000041DC33F000000808B459EBF00000080C56CD0BF00000000CC0CAD3F000000A0EB60BB3F000000002187D13F00000000F78ECA3F00000000AF7B843F000000007978733F000000C0E982BDBF00000020E2BDC43F0000004031DAC6BF00000040B25DBC3F00000040EB79C43F000000208AB0A63F000000809419AC3F00000080A633AC3F000000802A4BC4BF00000000006333BF000000A009F0C03F0000008087C4BABF000000E013A6AC3F000000008C27B23F0000008050599F3F000000007F55BB3F000000000236A8BF000000402C3BC23F000000804CB5A23F00000000693E88BF000000E07744CFBF000000405ACDB33F000000004AD8C7BF00000040DB61BEBF000000A0E154C13F000000C0FA9DC2BF000000407F85C0BF000000601688D8BF00000080704FA43F000000402E7EDA3F000000404F12C53F00000020912AC8BF000000004613A63F0000000035E9A1BF000000808EBEA8BF000000800E23C63F000000806269BD3F00000080F9609DBF000000805FE68D3F000000809597C0BF00000000B0FB32BF00000040BDEDD43F000000802464AC3F0000008050B3AFBF000000E03F58CD3F00000080C3089D3F000000004DCAA5BF000000007D51AF3F000000009426B23F000000E0A7A9B3BF000000800EFF823F000000208FB3C7BF00000000317CB1BF000000809F5D80BF00000000F8E9913F00000000FA119FBF000000207719C93F000000C08FAECBBF00000020AC15AF3F0000002008E39EBF00000080B11C913F000000803B46A4BF000000A06DABA33F000000E0B0F2B6BF00000080568BAABF00000000B2D6C13F000000E089DBC8BF000000E07289C33F000000A02462C63F00000000D481A73F000000401E96B13F000000A03E06B83F00000080B8D1AB3F000000008E4B89BF00000000A9EF84BF00000020EE39BFBF00000040E8F1B1BF000000E0F839C23F000000000A53ADBF0000000099B5B83F00000000B388A43F, 2);
INSERT INTO `employees` VALUES (3, 'user03', 0x00000000E8A072BF000000A05908B73F000000E0E83BB23F000000C08B0CB0BF0000002084E9B4BF000000009DCFB0BF000000A08829B8BF00000060E2B1C1BF000000C01FAEB43F000000606480B1BF00000020ECEBCD3F000000C009FDB1BF000000607777C5BF000000207416B3BF000000205714B0BF000000005688C13F000000803B7CC1BF000000402E6FC3BF0000006065DCB8BF000000800A5D8A3F000000A0B2EEB33F000000C053A7B63F000000809651A63F000000008A7E7E3F000000408899B6BF000000201738D4BF00000000090CB4BF000000200F3194BF0000008096D2A23F000000403796ADBF000000801618A2BF00000000E55AA83F000000009715D0BF0000000045A2B2BF000000C070EAB73F00000060BD9AB43F00000000010A95BF000000402F52BEBF000000C032E8C53F00000000F01C9ABF000000002E3DD0BF00000080D437B73F00000080FF60A83F00000040EF99D13F000000405D7DC93F00000080E1F6A4BF00000000FA4683BF0000002008FBC4BF00000040711EBD3F000000009246BFBF0000002056BBB13F00000080E66BC53F00000000D5B1B03F0000008018FFA43F000000001D008FBF000000405A88BABF000000401EBCA53F00000020FF42CB3F00000040CB7EC0BF00000000606C87BF000000803810BE3F00000080EC5AA7BF000000C049AE89BF000000C09596BABF000000A0D42AC63F000000000C1E933F000000E07B6FBDBF00000020AB9ACEBF0000004046BFB33F000000A0CDE4B2BF00000080F9B5A8BF00000000ADE8B43F00000040751FCABF000000007681C4BF000000800A07D1BF00000040C8DAAA3F000000A0622AD83F000000407C1FA73F000000A0A36DCFBF000000400198B33F000000200C49A3BF000000409FE6A13F0000008020BCBD3F00000080DCADC03F000000007C2B693F00000080F45EAB3F00000000403FBDBF00000080CC29AE3F00000080342ACE3F00000000D244B1BF000000E06C98AEBF00000060DAD9CD3F00000000E17997BF00000000EBDB8A3F00000020BCA4AC3F00000000BEBB743F000000000611B5BF00000080B6F7AF3F000000C0176ACABF0000000037FA93BF00000000E318AD3F000000003C728D3F000000E012ACA2BF00000060FCAFC83F000000E017B4BABF0000004006F9BE3F000000809CB1883F00000000B8DBA83F000000405DCFB03F0000002049C5AEBF0000004010CFADBF000000E06994C0BF000000801C4BBB3F000000A0B002C8BF000000A08534C83F000000C0CBA7BC3F0000006036A3C23F000000000985B43F000000204CB3C03F000000808330AE3F000000804942A13F000000802A0A973F000000407710CFBF00000080F29C913F0000004037E8C03F00000000309F8A3F000000C0A9B3B53F000000809FB290BF, 3);
INSERT INTO `employees` VALUES (4, 'user04', 0x00000080AC26A2BF000000A045F0A83F00000080766CA93F000000007E0D84BF000000407311C5BF00000080CF7CBCBF00000080341BB1BF00000080CD82C1BF000000407864A43F000000C051EFBDBF00000000A843CB3F000000C0418DC0BF00000060F156CABF000000C0C6709CBF000000E0E6E1B0BF000000805011C93F000000C06EC4C7BF000000E01A40C1BF000000000D1AA0BF00000040851EBABF00000060C9FFB13F000000008A4180BF000000005CF7733F00000080ECF6AC3F000000A01255A9BF0000008019CDD5BF000000207C1AC0BF00000020590BB7BF000000800793A83F000000002916ABBF00000040089CAEBF000000003BE3B93F000000604C60C6BF00000080FB5CB2BF00000000D708A93F000000C0910BA33F000000A00B45A03F00000000E0CCB6BF000000609EA0C83F00000000CF7278BF00000020CD61C6BF000000805B32B93F00000040B0E1B13F000000C0943ACF3F0000004064A2B33F000000C01479BC3F000000806046923F00000060B842BCBF000000400988C03F00000020F74CC3BF0000004098A5B23F000000C06BD3C33F0000000004C1B43F00000000CC1E9C3F000000802AC287BF000000A07564C1BF00000020A186B63F00000020AA18BA3F000000603143C7BF000000A0DFC2AB3F00000040CEFDC23F000000602F66B9BF00000000289E713F000000A085ABBABF00000000E6BFD13F00000000FED8B43F00000000C84BB1BF000000209B14BCBF000000A039C5C13F00000000E71DBDBF000000602D79B8BF00000080EB4AA4BF00000080CF1CC2BF000000E0A495BEBF00000060334AD0BF0000000007D1AF3F00000040F987DA3F0000004047ECBD3F000000008B33C7BF00000000AC96B53F000000801905A8BF00000000B8445EBF000000606E7AC43F000000C0AF99BC3F0000008022EFAEBF00000080EA2F8DBF000000C01BC2BBBF00000000C8B940BF000000E0ADA5CA3F0000002013CCAFBF0000000095E989BF000000C09CE0CE3F0000000034DA85BF000000C0EAC4B93F000000205DB9AB3F00000000DC0995BF00000040918EBCBF000000E025AF953F000000A074BFB7BF000000007D9D943F00000000153CAB3F000000801A2AB7BF000000408A49A2BF000000600FE2B63F000000A03B11C5BF000000401BE7AD3F00000020C87DB0BF000000806C39903F0000000000F583BF00000000381CA23F00000060FE92BCBF000000C0259CB4BF00000080721ABB3F000000C0DA01CDBF00000000F107CB3F000000C01771C73F000000C0B00AB13F00000020633BC13F000000802D37C03F000000C0EF9AB83F00000000C0F0673F0000004014D1B1BF000000A0B5A9CDBF00000080898BB0BF000000401790C73F000000000BB99CBF00000000C2E3A83F000000000722AD3F, 4);
INSERT INTO `employees` VALUES (5, 'user05', 0x00000040C0CBC4BF00000000CDBEBC3F000000C054C2A63F0000000000BF4D3F000000C06786A6BF0000008051B0A6BF00000080BAC0A5BF00000000DBBFC1BF000000C0CEF2C13F000000C05C8DB4BF000000A08246CC3F0000008059D2A3BF000000E08783CDBF00000020FDECACBF0000000035B8AEBF000000C047C8C53F000000C060BFC4BF00000060EE7EB4BF000000E0DCEBB4BF000000C046DDACBF000000806AC4B03F00000000B0B974BF000000E055B2BF3F00000080A2F69C3F00000000D5E6A3BF00000000DCD5D4BF000000801C94B6BF000000809A9DC5BF000000A0C1C4B83F000000C07D86A2BF00000000EEC9A2BF0000000060C9A4BF0000002040C9C0BF000000609E57B6BF00000080BE1CA43F000000A06455B33F00000080BFDF98BF00000000164995BF000000006683D03F000000409742BABF000000A0AF23C6BF00000000915E8BBF000000007AF2BC3F00000040D90AD03F00000000A8F0C13F000000401672BD3F000000808C78973F000000C0B23EC0BF0000000076F4B63F00000020EC4CC3BF000000604DFBB83F000000403E49BE3F000000E01644AB3F00000080DE88B13F000000A018C9B43F00000020765FC1BF0000004085A6B73F000000001CDFB53F00000040B1C9C2BF000000007E84A23F00000020370EC73F00000000321B7FBF000000C0BCD89FBF0000000038D680BF00000000760ED33F00000080E97FA53F000000C0741DC1BF000000008585C2BF00000080CD87B43F00000040BFFBC3BF00000060F9BDA0BF000000806650AB3F000000402FDDC4BF000000407FA5C1BF000000406EFCD1BF00000080511CA13F000000600309DC3F000000407CA6C13F00000020B71BBABF000000006EC4B03F00000020BD8CAEBF000000006620A7BF000000A054D4C13F000000A08186BF3F000000C0AD52B2BF0000000084C27C3F00000040A240B8BF00000000318A84BF000000A00EF2C03F000000A0990FA2BF0000000006EC9CBF00000000051FC53F00000000FF808C3F000000608CD6A73F00000000C8A37ABF000000A00E2AA13F00000040AFB0C1BF0000000098D54EBF000000408C6BC3BF00000000F62B9DBF000000E05906A63F00000000C2178C3F00000080AD10A13F00000000C152B53F00000080B65BC2BF00000040D9F6B23F000000A0BFD3A3BF000000006C56933F000000002130953F000000E06474A53F000000C00471C0BF000000C0FB3CB5BF000000003173BE3F000000003E14C8BF000000C02109C83F00000020261EC63F0000002055CEB43F000000C06FEBB33F000000006D9AC33F000000402C3DB83F000000000530A03F000000E051E1B53F00000080EA4CCBBF000000C0E4EAA0BF000000E06AFAB53F00000040DF13A5BF000000A077F6BD3F00000080F9C99B3F, 5);

-- ----------------------------
-- Table structure for users
-- ----------------------------
DROP TABLE IF EXISTS `users`;
CREATE TABLE `users`  (
  `id` int NOT NULL AUTO_INCREMENT,
  `username` varchar(64) CHARACTER SET utf8mb4 COLLATE utf8mb4_0900_ai_ci NOT NULL,
  `email` varchar(120) CHARACTER SET utf8mb4 COLLATE utf8mb4_0900_ai_ci NOT NULL,
  `password_hash` text CHARACTER SET utf8mb4 COLLATE utf8mb4_0900_ai_ci NOT NULL,
  `role` enum('ADMIN','USER') CHARACTER SET utf8mb4 COLLATE utf8mb4_0900_ai_ci NOT NULL,
  `created_at` datetime NOT NULL,
  `updated_at` datetime NOT NULL,
  PRIMARY KEY (`id`) USING BTREE,
  UNIQUE INDEX `ix_users_username`(`username` ASC) USING BTREE,
  UNIQUE INDEX `ix_users_email`(`email` ASC) USING BTREE
) ENGINE = InnoDB AUTO_INCREMENT = 7 CHARACTER SET = utf8mb4 COLLATE = utf8mb4_0900_ai_ci ROW_FORMAT = Dynamic;

-- ----------------------------
-- Records of users
-- ----------------------------
INSERT INTO `users` VALUES (1, 'user01', 'user01@example.com', 'scrypt:32768:8:1$ePJAz0WH0o391ojD$966de5354daca45c36e775e5b60d9fcf75a34eac3f67da0fb4d7956277bf92d0bd7f8ea9043efd3a76cf0459e9c0df68cea68ffd9263c9f0e31f935574dc045f', 'USER', '2025-05-23 06:33:21', '2025-05-23 06:33:21');
INSERT INTO `users` VALUES (2, 'user02', 'user02@example.com', 'scrypt:32768:8:1$Ebf5D6wXuLBClP2C$7a10c17bb61fb65b824eb5f04fc1ebcf207d82c6ef55e05b9e128f13e96c5206570c8b0ca0ea9ed3627a1c73ba50c3829b6e275bde925178fa90128b7a4a0681', 'ADMIN', '2025-05-23 06:33:21', '2025-05-23 06:33:21');
INSERT INTO `users` VALUES (3, 'user03', 'user03@example.com', 'scrypt:32768:8:1$vE0e73qytu4pI9Ib$6b380172d9b04b98251426254f01c5be0bb0de26968a126b18f9bb85149cd55d6ff3423aa1d20438a27e831f935900704c901d1784599a61b884d2539f6e7919', 'USER', '2025-05-23 06:33:21', '2025-05-23 06:33:21');
INSERT INTO `users` VALUES (4, 'user04', 'user04@example.com', 'scrypt:32768:8:1$IXXcuSyGiRMEgEOa$7513335ddcb998442a8d93905e805c8e19e230cb45bf5c1eebaa6801a32a06ab110ff74f8fe286bf998663ce77aa15034532a73cec4b3c82cf7a623c53f90f25', 'USER', '2025-05-23 06:33:21', '2025-05-23 06:33:21');
INSERT INTO `users` VALUES (5, 'user05', 'user05@example.com', 'scrypt:32768:8:1$PvOJjSsdQv7Etsut$131d4cbc748fa1a3dfedfd7e614e6279048924803a1ea322ade93804f7bb7f2a2ca2f8aaadf270e566d306d0e9449daa3483c4f3aec0d086bb20e58dd98ad16a', 'USER', '2025-05-23 06:33:22', '2025-05-23 06:33:22');

SET FOREIGN_KEY_CHECKS = 1;
